{"training_sizes": [183, 367, 551, 735, 919, 1102, 1286, 1470, 1654, 1838], "training_scores": [909246.5616759429, 624981.6785497738, 574595.3124206014, 747790.0716054372, 858329.548425487, 1393852.0859500438, 1937197.9927749927, 2609131.565827367, 3525942.5400595604, 4946413.306402344], "validation_scores": [22181676.009468727, 21826491.15404524, 20383088.814006418, 18811915.72772481, 19018339.89689366, 15691430.272798276, 14549133.83479691, 13783079.701166347, 14016437.185920632, 13785661.848034162]}